time;iter;L;U
24;0;5480.61;inf
71;1;5501.60;inf
115;2;5501.60;inf
165;3;5501.60;inf
215;4;5501.60;inf
262;5;5501.60;inf
311;6;5501.60;inf
358;7;5501.60;inf
414;8;5501.60;inf
464;9;5501.60;inf
515;10;5501.60;inf
573;11;5501.60;inf
628;12;5501.60;inf
686;13;5501.60;inf
740;14;5501.60;inf
798;15;5501.60;inf
857;16;5501.60;11600.00
913;17;5501.60;10420.00
967;18;5501.60;10420.00
1034;19;5501.60;10420.00
1097;20;5501.60;10420.00
1154;21;5501.60;10420.00
1212;22;5501.60;10420.00
1265;23;5501.60;10420.00
1319;24;5501.60;10420.00
1375;25;5501.60;10420.00
1433;26;5501.60;10420.00
1494;27;5501.60;10420.00
1552;28;5501.60;10420.00
1600;29;5501.60;10420.00
1623;30;5501.60;10420.00
1663;31;5501.60;10420.00
1687;32;5501.60;10420.00
1745;33;5501.60;10420.00
1804;34;5501.60;10420.00
1867;35;5501.60;10420.00
1925;36;5501.60;10420.00
1966;37;5501.60;10420.00
2010;38;5501.60;10420.00
2035;39;5501.60;10420.00
2077;40;5501.60;10420.00
2124;41;5501.60;10420.00
2153;42;5501.60;10420.00
2210;43;5501.60;10420.00
2255;44;5501.60;10420.00
2299;45;5501.60;10420.00
2327;46;5501.60;10420.00
2374;47;5501.60;10420.00
2399;48;5501.60;10420.00
2529;49;5501.60;10420.00
2582;50;5501.60;10420.00
2607;51;5501.60;10420.00
2691;52;5501.60;10420.00
2749;53;5501.60;10420.00
2791;54;5501.60;10420.00
2818;55;5501.60;10420.00
2846;56;5501.60;10420.00
2909;57;5501.60;10420.00
2950;58;5501.60;10420.00
2974;59;5501.60;10420.00
3022;60;5501.60;10420.00
3046;61;5501.60;10420.00
3072;62;5501.60;10420.00
3137;63;5501.60;10420.00
3213;64;5501.60;10420.00
3276;65;5501.60;10420.00
3333;66;5501.60;10420.00
3374;67;5501.60;10420.00
3400;68;5501.60;10420.00
3441;69;5501.60;10420.00
3501;70;5501.60;10420.00
3541;71;5501.60;10420.00
3581;72;5501.60;10420.00
3619;73;5501.60;10420.00
3644;74;5501.60;10420.00
3680;75;5501.60;10420.00
3744;76;5501.60;10420.00
3785;77;5501.60;10420.00
3811;78;5501.60;10420.00
3850;79;5501.60;10420.00
3878;80;5501.60;10420.00
3935;81;5501.60;10420.00
3985;82;5501.60;10420.00
4022;83;5501.60;10420.00
4046;84;5501.60;10420.00
4082;85;5501.60;10420.00
4121;86;5501.60;10420.00
4164;87;5501.60;10420.00
4200;88;5501.60;10420.00
4237;89;5501.60;10420.00
4263;90;5501.60;10420.00
4317;91;5501.60;10420.00
4375;92;5501.60;10420.00
4399;93;5501.60;10420.00
4456;94;5501.60;10420.00
4501;95;5501.60;10420.00
4548;96;5501.60;10420.00
4595;97;5501.60;10420.00
4638;98;5501.60;10420.00
4683;99;5501.60;10420.00
4724;100;5501.60;10420.00
4756;101;5501.60;10420.00
4811;102;5501.60;10420.00
4836;103;5501.60;10420.00
4874;104;5501.60;10420.00
4898;105;5501.60;10420.00
4959;106;5501.60;10420.00
4987;107;5501.60;10420.00
5041;108;5501.60;10420.00
5082;109;5501.60;10420.00
5120;110;5501.60;10420.00
5162;111;5501.60;10420.00
5201;112;5501.60;10420.00
5229;113;5501.60;10420.00
5256;114;5501.60;10420.00
5310;115;5501.60;10420.00
5358;116;5501.60;10420.00
5409;117;5501.60;10420.00
5464;118;5501.60;10420.00
5504;119;5501.60;10420.00
5553;120;5501.60;10420.00
5577;121;5501.60;10420.00
5603;122;5501.60;10420.00
5651;123;5501.60;10420.00
5696;124;5501.60;10420.00
5731;125;5501.60;10420.00
5757;126;5501.60;10420.00
5805;127;5501.60;10410.00
5827;128;5501.60;10410.00
5849;129;5501.60;10410.00
5897;130;5501.60;10410.00
5943;131;5501.60;10410.00
5990;132;5501.60;10410.00
6015;133;5501.60;10410.00
6051;134;5501.60;10410.00
6097;135;5501.60;10410.00
6122;136;5501.60;10410.00
6182;137;5501.60;10410.00
6220;138;5501.60;10410.00
6247;139;5501.60;10410.00
6283;140;5501.60;10410.00
6309;141;5501.60;10410.00
6361;142;5501.60;10410.00
6398;143;5501.60;10410.00
6447;144;5501.60;10410.00
6483;145;5501.60;10410.00
6517;146;5501.60;10410.00
6551;147;5501.60;10410.00
6575;148;5501.60;10410.00
6617;149;5501.60;10410.00
6658;150;5501.60;10410.00
6694;151;5501.60;10410.00
6732;152;5501.60;10410.00
6759;153;5501.60;10410.00
6798;154;5501.60;10410.00
6821;155;5501.60;10410.00
6874;156;5501.60;10410.00
6925;157;5501.60;10410.00
6976;158;5501.60;10410.00
6998;159;5501.60;10410.00
7035;160;5501.60;10410.00
7058;161;5501.60;10410.00
7095;162;5501.60;10410.00
7147;163;5501.60;10410.00
7186;164;5501.60;10410.00
7229;165;5501.60;10410.00
7253;166;5501.60;10410.00
7308;167;5501.60;10410.00
7360;168;5501.60;10410.00
7401;169;5501.60;10410.00
7426;170;5501.60;10410.00
7479;171;5501.60;10410.00
7514;172;5501.60;10340.00
7553;173;5501.60;10340.00
7598;174;5501.60;10340.00
7628;175;5501.60;10340.00
7685;176;5501.60;10340.00
7727;177;5501.60;10340.00
7766;178;5501.60;10340.00
7795;179;5501.60;10340.00
7852;180;5501.60;10340.00
7901;181;5501.60;10340.00
7937;182;5501.60;10340.00
7963;183;5501.60;10340.00
8004;184;5501.60;10340.00
8041;185;5501.60;10340.00
8076;186;5501.60;10340.00
8102;187;5501.60;10340.00
8143;188;5501.60;10340.00
8191;189;5501.60;10320.00
8229;190;5501.60;10320.00
8255;191;5501.60;10320.00
8295;192;5501.60;10320.00
8343;193;5501.60;10320.00
8393;194;5501.60;10320.00
8432;195;5501.60;10320.00
8471;196;5501.60;10320.00
8507;197;5501.60;10320.00
8544;198;5501.60;10320.00
8569;199;5501.60;10320.00
8617;200;5501.60;10320.00
8644;201;5501.60;10320.00
8679;202;5501.60;10320.00
8715;203;5501.60;10320.00
8754;204;5501.60;10320.00
8797;205;5501.60;10320.00
8822;206;5501.60;10320.00
8885;207;5501.60;10320.00
8924;208;5501.60;10320.00
8984;209;5501.60;10320.00
9043;210;5501.60;10320.00
9068;211;5501.60;10320.00
9095;212;5501.60;10320.00
9138;213;5501.60;10320.00
9193;214;5501.60;10320.00
9222;215;5501.60;10320.00
9259;216;5501.60;10320.00
9324;217;5501.60;10320.00
9386;218;5501.60;10320.00
9428;219;5501.60;10320.00
9475;220;5501.60;10320.00
9514;221;5501.60;10320.00
9555;222;5501.60;10320.00
9582;223;5501.60;10320.00
9611;224;5501.60;10320.00
9650;225;5501.60;10320.00
9690;226;5501.60;10320.00
9745;227;5501.60;10320.00
9786;228;5501.60;10320.00
9813;229;5501.60;10320.00
9851;230;5501.60;10290.00
9888;231;5501.60;10290.00
9916;232;5501.60;10290.00
9974;233;5501.60;10290.00
10036;234;5501.60;10290.00
10076;235;5501.60;10290.00
10120;236;5501.60;10290.00
10163;237;5501.60;10290.00
10185;238;5501.60;10290.00
10243;239;5501.60;10290.00
10284;240;5501.60;10290.00
10347;241;5501.60;10290.00
10373;242;5501.60;10290.00
10400;243;5501.60;10290.00
10466;244;5501.60;10290.00
10523;245;5501.60;10290.00
10567;246;5501.60;10290.00
10594;247;5501.60;10290.00
10654;248;5501.60;10290.00
10694;249;5501.60;10290.00
10719;250;5501.60;10290.00
10759;251;5501.60;10290.00
10796;252;5501.60;10290.00
10836;253;5501.60;10290.00
10884;254;5501.60;10290.00
10906;255;5501.60;10290.00
10947;256;5501.60;10290.00
10971;257;5501.60;10290.00
11008;258;5501.60;10290.00
11050;259;5501.60;10290.00
11104;260;5501.60;10290.00
11131;261;5501.60;10290.00
11178;262;5501.60;10290.00
11215;263;5501.60;10290.00
11241;264;5501.60;10290.00
11299;265;5501.60;10290.00
11356;266;5501.60;10290.00
11378;267;5501.60;10290.00
11434;268;5501.60;10290.00
11457;269;5501.60;10290.00
11515;270;5501.60;10290.00
11565;271;5501.60;10290.00
11591;272;5501.60;10290.00
11642;273;5501.60;10290.00
11676;274;5501.60;10290.00
11709;275;5501.60;10290.00
11733;276;5501.60;10290.00
11771;277;5501.60;10290.00
11807;278;5501.60;10290.00
11832;279;5501.60;10290.00
11889;280;5501.60;10290.00
11931;281;5501.60;10290.00
11986;282;5501.60;10290.00
12033;283;5501.60;10290.00
12059;284;5501.60;10290.00
12085;285;5501.60;10290.00
12145;286;5501.60;10290.00
12178;287;5501.60;10290.00
12209;288;5501.60;10290.00
12249;289;5501.60;10290.00
12309;290;5501.60;10290.00
12364;291;5501.60;10290.00
12414;292;5501.60;10290.00
12446;293;5501.60;10290.00
12471;294;5501.60;10290.00
12497;295;5501.60;10290.00
12554;296;5501.60;10290.00
12595;297;5501.60;10290.00
12635;298;5501.60;10290.00
12675;299;5501.60;10290.00
12731;300;5501.60;10290.00
12773;301;5501.60;10290.00
12815;302;5501.60;10290.00
12841;303;5501.60;10290.00
12895;304;5501.60;10290.00
12930;305;5501.60;10290.00
12957;306;5501.60;10290.00
12999;307;5501.60;10290.00
13028;308;5501.60;10290.00
13084;309;5501.60;10290.00
13123;310;5501.60;10290.00
13162;311;5501.60;10290.00
13204;312;5501.60;10290.00
13229;313;5501.60;10290.00
13271;314;5501.60;10290.00
13298;315;5501.60;10290.00
13350;316;5501.60;10290.00
13403;317;5501.60;10290.00
13461;318;5501.60;10290.00
13512;319;5501.60;10290.00
13536;320;5501.60;10290.00
13583;321;5501.60;10290.00
13617;322;5501.60;10290.00
13652;323;5501.60;10290.00
13688;324;5501.60;10290.00
13722;325;5501.60;10290.00
13746;326;5501.60;10290.00
13784;327;5501.60;10290.00
13822;328;5501.60;10290.00
13860;329;5501.60;10290.00
13895;330;5501.60;10290.00
13918;331;5501.60;10290.00
13970;332;5501.60;10140.00
14007;333;5501.60;10140.00
14043;334;5501.60;10140.00
14079;335;5501.60;10140.00
14116;336;5501.60;10140.00
14139;337;5501.60;10140.00
14176;338;5501.60;10140.00
14213;339;5501.60;10140.00
14263;340;5501.60;10120.00
14297;341;5501.60;10120.00
14319;342;5501.60;10120.00
14357;343;5501.60;10120.00
14406;344;5501.60;10120.00
14430;345;5501.60;10120.00
14477;346;5501.60;10120.00
14517;347;5501.60;10120.00
14541;348;5501.60;10120.00
14593;349;5501.60;10120.00
14645;350;5501.60;10120.00
14698;351;5501.60;10120.00
14721;352;5501.60;10120.00
14743;353;5501.60;10120.00
14799;354;5501.60;10120.00
14853;355;5501.60;10120.00
14904;356;5501.60;10120.00
14928;357;5501.60;10120.00
14969;358;5501.60;10120.00
15008;359;5501.60;10120.00
15045;360;5501.60;10120.00
15071;361;5501.60;10120.00
15114;362;5501.60;10120.00
15137;363;5501.60;10120.00
15192;364;5501.60;10120.00
15217;365;5501.60;10120.00
15257;366;5501.60;10120.00
15300;367;5501.60;10120.00
15327;368;5501.60;10120.00
15380;369;5501.60;10120.00
15431;370;5501.60;10120.00
15476;371;5501.60;10120.00
15523;372;5501.60;10120.00
15545;373;5501.60;10120.00
15582;374;5501.60;10120.00
15620;375;5501.60;10120.00
15645;376;5501.60;10120.00
15698;377;5501.60;10100.00
15747;378;5501.60;10100.00
15773;379;5501.60;10100.00
15822;380;5501.60;10100.00
15865;381;5501.60;10100.00
15902;382;5501.60;10100.00
15939;383;5501.60;10100.00
15963;384;5501.60;10100.00
16011;385;5501.60;10100.00
16037;386;5501.60;10100.00
16071;387;5501.60;10100.00
16110;388;5501.60;10100.00
16146;389;5501.60;10100.00
16174;390;5501.60;10100.00
16225;391;5501.60;10100.00
16271;392;5501.60;9990.00
16295;393;5501.60;9990.00
16335;394;5501.60;9990.00
16371;395;5501.60;9980.00
16397;396;5501.60;9980.00
16422;397;5501.60;9980.00
16462;398;5501.60;9980.00
16519;399;5501.60;9980.00
16556;400;5501.60;9980.00
16595;401;5501.60;9980.00
16619;402;5501.60;9980.00
16657;403;5501.60;9980.00
16709;404;5501.60;9980.00
16773;405;5501.60;9980.00
16799;406;5501.60;9980.00
16836;407;5501.60;9980.00
16873;408;5501.60;9980.00
16915;409;5501.60;9980.00
16952;410;5501.60;9980.00
16988;411;5501.60;9980.00
17014;412;5501.60;9980.00
17068;413;5501.60;9980.00
17126;414;5501.60;9980.00
17150;415;5501.60;9980.00
17193;416;5501.60;9980.00
17230;417;5501.60;9980.00
17285;418;5501.60;9980.00
17310;419;5501.60;9980.00
17364;420;5501.60;9980.00
17402;421;5501.60;9980.00
17426;422;5501.60;9980.00
17451;423;5501.60;9980.00
17504;424;5501.60;9980.00
17558;425;5501.60;9980.00
17612;426;5501.60;9980.00
17640;427;5501.60;9980.00
17690;428;5501.60;9980.00
17715;429;5501.60;9980.00
17752;430;5501.60;9980.00
17776;431;5501.60;9980.00
17826;432;5501.60;9980.00
17864;433;5501.60;9980.00
17887;434;5501.60;9980.00
17926;435;5501.60;9980.00
17966;436;5501.60;9980.00
18001;437;5501.60;9980.00
18025;438;5501.60;9980.00
18083;439;5501.60;9980.00
18144;440;5501.60;9980.00
18212;441;5501.60;9980.00
18244;442;5501.60;9980.00
18308;443;5501.60;9980.00
18354;444;5501.60;9980.00
18381;445;5501.60;9980.00
18442;446;5501.60;9980.00
18473;447;5501.60;9980.00
18506;448;5501.60;9980.00
18565;449;5501.60;9980.00
18609;450;5501.60;9980.00
18667;451;5501.60;9980.00
18693;452;5501.60;9980.00
18720;453;5501.60;9980.00
18784;454;5501.60;9980.00
18827;455;5501.60;9980.00
18870;456;5501.60;9980.00
18901;457;5501.60;9980.00
18929;458;5501.60;9980.00
18989;459;5501.60;9980.00
19054;460;5501.60;9980.00
19117;461;5501.60;9980.00
19180;462;5501.60;9980.00
19230;463;5501.60;9980.00
19261;464;5501.60;9980.00
19303;465;5501.60;9980.00
19334;466;5501.60;9980.00
19366;467;5501.60;9980.00
19430;468;5501.60;9980.00
19461;469;5501.60;9980.00
19504;470;5501.60;9980.00
19566;471;5501.60;9980.00
19608;472;5501.60;9980.00
19640;473;5501.60;9980.00
19670;474;5501.60;9980.00
19728;475;5501.60;9980.00
19768;476;5501.60;9980.00
19811;477;5501.60;9980.00
19873;478;5501.60;9980.00
19917;479;5501.60;9980.00
19960;480;5501.60;9980.00
20009;481;5501.60;9980.00
20053;482;5501.60;9980.00
20082;483;5501.60;9980.00
20141;484;5501.60;9980.00
20184;485;5501.60;9980.00
20227;486;5501.60;9980.00
20253;487;5501.60;9980.00
20310;488;5501.60;9980.00
20340;489;5501.60;9980.00
20380;490;5501.60;9980.00
20422;491;5501.60;9980.00
20453;492;5501.60;9980.00
20514;493;5501.60;9980.00
20575;494;5501.60;9980.00
20601;495;5501.60;9980.00
20647;496;5501.60;9980.00
20677;497;5501.60;9980.00
20718;498;5501.60;9980.00
20761;499;5501.60;9980.00
20797;500;5501.60;9980.00
20835;501;5501.60;9980.00
20861;502;5501.60;9980.00
20915;503;5501.60;9980.00
20968;504;5501.60;9980.00
21023;505;5501.60;9980.00
21063;506;5501.60;9980.00
21101;507;5501.60;9980.00
21127;508;5501.60;9980.00
21167;509;5501.60;9980.00
21189;510;5501.60;9980.00
21245;511;5501.60;9980.00
21300;512;5501.60;9980.00
21353;513;5501.60;9980.00
21408;514;5501.60;9980.00
21455;515;5501.60;9980.00
21484;516;5501.60;9980.00
21534;517;5501.60;9980.00
21573;518;5501.60;9980.00
21613;519;5501.60;9980.00
21638;520;5501.60;9980.00
21680;521;5501.60;9980.00
21730;522;5501.60;9980.00
21769;523;5501.60;9980.00
21795;524;5501.60;9980.00
21832;525;5501.60;9980.00
21859;526;5501.60;9980.00
21917;527;5501.60;9980.00
21960;528;5501.60;9980.00
22003;529;5501.60;9980.00
22042;530;5501.60;9980.00
22083;531;5501.60;9980.00
22139;532;5501.60;9980.00
22180;533;5501.60;9980.00
22206;534;5501.60;9980.00
22246;535;5501.60;9980.00
22294;536;5501.60;9980.00
22333;537;5501.60;9980.00
22391;538;5501.60;9980.00
22419;539;5501.60;9980.00
22446;540;5501.60;9980.00
22491;541;5501.60;9980.00
22545;542;5501.60;9980.00
22569;543;5501.60;9980.00
22616;544;5501.60;9980.00
22678;545;5501.60;9980.00
22720;546;5501.60;9980.00
22762;547;5501.60;9980.00
22805;548;5501.60;9980.00
22847;549;5501.60;9980.00
22894;550;5501.60;9980.00
22926;551;5501.60;9980.00
22952;552;5501.60;9980.00
23009;553;5501.60;9980.00
23065;554;5501.60;9980.00
23119;555;5501.60;9980.00
23165;556;5501.60;9980.00
23205;557;5501.60;9980.00
23229;558;5501.60;9980.00
23284;559;5501.60;9980.00
23342;560;5501.60;9980.00
23383;561;5501.60;9980.00
23408;562;5501.60;9980.00
23465;563;5501.60;9980.00
23518;564;5501.60;9980.00
23546;565;5501.60;9980.00
23584;566;5501.60;9980.00
23612;567;5501.60;9980.00
23650;568;5501.60;9980.00
23675;569;5501.60;9980.00
23718;570;5501.60;9980.00
23743;571;5501.60;9980.00
23799;572;5501.60;9980.00
23840;573;5501.60;9980.00
23895;574;5501.60;9980.00
23920;575;5501.60;9980.00
23974;576;5501.60;9980.00
24009;577;5501.60;9980.00
24045;578;5501.60;9980.00
24070;579;5501.60;9980.00
24109;580;5501.60;9980.00
24153;581;5501.60;9980.00
24180;582;5501.60;9980.00
24235;583;5501.60;9980.00
24273;584;5501.60;9980.00
24297;585;5501.60;9980.00
24359;586;5501.60;9980.00
24386;587;5501.60;9980.00
24443;588;5501.60;9980.00
24497;589;5501.60;9980.00
24536;590;5501.60;9980.00
24573;591;5501.60;9980.00
24614;592;5501.60;9980.00
24639;593;5501.60;9980.00
24666;594;5501.60;9980.00
24704;595;5501.60;9980.00
24743;596;5501.60;9980.00
24773;597;5501.60;9980.00
24824;598;5501.60;9980.00
24874;599;5501.60;9980.00
24914;600;5501.60;9980.00
24952;601;5501.60;9980.00
24991;602;5501.60;9980.00
25028;603;5501.60;9980.00
25065;604;5501.60;9980.00
25089;605;5501.60;9980.00
25126;606;5501.60;9980.00
25170;607;5501.60;9980.00
25208;608;5501.60;9980.00
25247;609;5501.60;9980.00
25273;610;5501.60;9980.00
25324;611;5501.60;9980.00
25385;612;5501.60;9980.00
25423;613;5501.60;9980.00
25462;614;5501.60;9980.00
25487;615;5501.60;9980.00
25524;616;5501.60;9980.00
25549;617;5501.60;9980.00
25604;618;5501.60;9980.00
25656;619;5501.60;9980.00
25680;620;5501.60;9980.00
25730;621;5501.60;9980.00
25766;622;5501.60;9980.00
25806;623;5501.60;9950.00
25843;624;5501.60;9950.00
25880;625;5501.60;9950.00
25909;626;5501.60;9950.00
25938;627;5501.60;9950.00
25993;628;5501.60;9950.00
26045;629;5501.60;9950.00
26085;630;5501.60;9950.00
26111;631;5501.60;9950.00
26136;632;5501.60;9950.00
26191;633;5501.60;9950.00
26245;634;5501.60;9950.00
26285;635;5501.60;9950.00
26311;636;5501.60;9950.00
26336;637;5501.60;9950.00
26374;638;5501.60;9950.00
26418;639;5501.60;9950.00
26444;640;5501.60;9950.00
26500;641;5501.60;9950.00
26540;642;5501.60;9950.00
26599;643;5501.60;9950.00
26624;644;5501.60;9950.00
26684;645;5501.60;9950.00
26745;646;5501.60;9950.00
26770;647;5501.60;9950.00
26813;648;5501.60;9950.00
26855;649;5501.60;9950.00
26899;650;5501.60;9950.00
26941;651;5501.60;9950.00
26967;652;5501.60;9950.00
27029;653;5501.60;9950.00
27070;654;5501.60;9950.00
27112;655;5501.60;9950.00
27154;656;5501.60;9950.00
27185;657;5501.60;9950.00
27210;658;5501.60;9950.00
27266;659;5501.60;9950.00
27327;660;5501.60;9950.00
27369;661;5501.60;9950.00
27417;662;5501.60;9950.00
27444;663;5501.60;9950.00
27486;664;5501.60;9950.00
27538;665;5501.60;9950.00
27562;666;5501.60;9950.00
27599;667;5501.60;9950.00
27625;668;5501.60;9950.00
27678;669;5501.60;9950.00
27716;670;5501.60;9950.00
27771;671;5501.60;9950.00
27798;672;5501.60;9950.00
27854;673;5501.60;9950.00
27878;674;5501.60;9950.00
27936;675;5501.60;9950.00
27990;676;5501.60;9950.00
28018;677;5501.60;9950.00
28060;678;5501.60;9950.00
28086;679;5501.60;9950.00
28130;680;5501.60;9950.00
28155;681;5501.60;9950.00
28210;682;5501.60;9950.00
28249;683;5501.60;9950.00
28289;684;5501.60;9950.00
28315;685;5501.60;9950.00
28355;686;5501.60;9950.00
28409;687;5501.60;9950.00
28464;688;5501.60;9950.00
28490;689;5501.60;9950.00
28513;690;5501.60;9950.00
28566;691;5501.60;9950.00
28622;692;5501.60;9950.00
28675;693;5501.60;9950.00
28725;694;5501.60;9950.00
28761;695;5501.60;9950.00
28797;696;5501.60;9950.00
28820;697;5501.60;9950.00
28875;698;5501.60;9950.00
28913;699;5501.60;9950.00
28964;700;5501.60;9950.00
29002;701;5501.60;9950.00
29025;702;5501.60;9950.00
29063;703;5501.60;9950.00
29117;704;5501.60;9950.00
29168;705;5501.60;9950.00
29204;706;5501.60;9950.00
29227;707;5501.60;9950.00
29265;708;5501.60;9950.00
29303;709;5501.60;9950.00
29339;710;5501.60;9950.00
29374;711;5501.60;9950.00
29410;712;5501.60;9950.00
29435;713;5501.60;9950.00
29496;714;5501.60;9950.00
29539;715;5501.60;9950.00
29562;716;5501.60;9950.00
29604;717;5501.60;9950.00
29646;718;5501.60;9950.00
29672;719;5501.60;9950.00
29724;720;5501.60;9950.00
29773;721;5501.60;9950.00
29810;722;5501.60;9950.00
29847;723;5501.60;9950.00
29899;724;5501.60;9950.00
29940;725;5501.60;9950.00
29965;726;5501.60;9950.00
30001;727;5501.60;9950.00
30024;728;5501.60;9950.00
30059;729;5501.60;9950.00
30099;730;5501.60;9950.00
30135;731;5501.60;9950.00
30175;732;5501.60;9950.00
30202;733;5501.60;9950.00
30239;734;5501.60;9950.00
30276;735;5501.60;9950.00
30326;736;5501.60;9950.00
30377;737;5501.60;9950.00
30415;738;5501.60;9950.00
30441;739;5501.60;9950.00
30485;740;5501.60;9950.00
30527;741;5501.60;9950.00
30553;742;5501.60;9950.00
30589;743;5501.60;9950.00
30632;744;5501.60;9950.00
30684;745;5501.60;9950.00
30722;746;5501.60;9950.00
30763;747;5501.60;9950.00
30788;748;5501.60;9950.00
30830;749;5501.60;9950.00
30866;750;5501.60;9950.00
30894;751;5501.60;9950.00
30934;752;5501.60;9950.00
30986;753;5501.60;9950.00
31039;754;5501.60;9950.00
31089;755;5501.60;9950.00
31129;756;5501.60;9950.00
31179;757;5501.60;9950.00
31215;758;5501.60;9950.00
31238;759;5501.60;9950.00
31273;760;5501.60;9950.00
31309;761;5501.60;9950.00
31345;762;5501.60;9950.00
31369;763;5501.60;9950.00
31425;764;5501.60;9950.00
31448;765;5501.60;9950.00
31488;766;5501.60;9950.00
31527;767;5501.60;9950.00
31566;768;5501.60;9950.00
31592;769;5501.60;9950.00
31647;770;5501.60;9950.00
31685;771;5501.60;9950.00
31724;772;5501.60;9950.00
31747;773;5501.60;9950.00
31788;774;5501.60;9950.00
31828;775;5501.60;9950.00
31868;776;5501.60;9950.00
31924;777;5501.60;9950.00
31962;778;5501.60;9950.00
31999;779;5501.60;9950.00
32049;780;5501.60;9950.00
32072;781;5501.60;9950.00
32099;782;5501.60;9950.00
32142;783;5501.60;9950.00
32184;784;5501.60;9950.00
32228;785;5501.60;9950.00
32271;786;5501.60;9950.00
32297;787;5501.60;9950.00
32351;788;5501.60;9950.00
32393;789;5501.60;9950.00
32419;790;5501.60;9950.00
32472;791;5501.60;9950.00
32510;792;5501.60;9950.00
32549;793;5501.60;9950.00
32606;794;5501.60;9950.00
32645;795;5501.60;9950.00
32670;796;5501.60;9950.00
32697;797;5501.60;9950.00
32753;798;5501.60;9950.00
32777;799;5501.60;9950.00
32831;800;5501.60;9950.00
32870;801;5501.60;9950.00
32895;802;5501.60;9950.00
32919;803;5501.60;9950.00
32975;804;5501.60;9950.00
33032;805;5501.60;9950.00
33086;806;5501.60;9950.00
33124;807;5501.60;9950.00
33173;808;5501.60;9950.00
33199;809;5501.60;9950.00
33257;810;5501.60;9950.00
33280;811;5501.60;9950.00
33335;812;5501.60;9950.00
33362;813;5501.60;9950.00
33406;814;5501.60;9950.00
33448;815;5501.60;9950.00
33489;816;5501.60;9950.00
33513;817;5501.60;9950.00
33567;818;5501.60;9950.00
33591;819;5501.60;9950.00
33627;820;5501.60;9950.00
33682;821;5501.60;9950.00
33735;822;5501.60;9950.00
33778;823;5501.60;9950.00
33800;824;5501.60;9950.00
33841;825;5501.60;9950.00
33874;826;5501.60;9950.00
33931;827;5501.60;9950.00
33983;828;5501.60;9950.00
34014;829;5501.60;9950.00
34052;830;5501.60;9950.00
34078;831;5501.60;9950.00
34138;832;5501.60;9950.00
34213;833;5501.60;9950.00
34254;834;5501.60;9950.00
34299;835;5501.60;9950.00
34346;836;5501.60;9950.00
34395;837;5501.60;9950.00
34448;838;5501.60;9950.00
34479;839;5501.60;9950.00
34503;840;5501.60;9950.00
34557;841;5501.60;9950.00
34613;842;5501.60;9950.00
34650;843;5501.60;9950.00
34687;844;5501.60;9950.00
34726;845;5501.60;9950.00
34778;846;5501.60;9950.00
34803;847;5501.60;9950.00
34846;848;5501.60;9950.00
34891;849;5501.60;9950.00
34916;850;5501.60;9950.00
34954;851;5501.60;9950.00
35015;852;5501.60;9950.00
35068;853;5501.60;9950.00
35110;854;5501.60;9950.00
35134;855;5501.60;9950.00
35167;856;5501.60;9950.00
35234;857;5501.60;9950.00
35288;858;5501.60;9950.00
35329;859;5501.60;9950.00
35368;860;5501.60;9950.00
35413;861;5501.60;9950.00
35454;862;5501.60;9950.00
35486;863;5501.60;9950.00
35525;864;5501.60;9950.00
35563;865;5501.60;9950.00
35603;866;5501.60;9950.00
35631;867;5501.60;9950.00
35671;868;5501.60;9950.00
35728;869;5501.60;9950.00
35766;870;5501.60;9950.00
35821;871;5501.60;9950.00
35849;872;5501.60;9950.00
35875;873;5501.60;9950.00
35917;874;5501.60;9950.00
35960;875;5501.60;9950.00
36003;876;5501.60;9950.00
36033;877;5501.60;9950.00
36087;878;5501.60;9950.00
36139;879;5501.60;9950.00
36185;880;5501.60;9950.00
36227;881;5501.60;9950.00
36278;882;5501.60;9950.00
36305;883;5501.60;9950.00
36353;884;5501.60;9950.00
36393;885;5501.60;9950.00
36449;886;5501.60;9950.00
36512;887;5501.60;9950.00
36569;888;5501.60;9950.00
36597;889;5501.60;9950.00
36639;890;5501.60;9950.00
36679;891;5501.60;9950.00
36720;892;5501.60;9950.00
36757;893;5501.60;9950.00
36784;894;5501.60;9950.00
36861;895;5501.60;9950.00
36898;896;5501.60;9950.00
36937;897;5501.60;9950.00
36964;898;5501.60;9950.00
37021;899;5501.60;9950.00
37066;900;5501.60;9950.00
37108;901;5501.60;9950.00
37162;902;5501.60;9940.00
37218;903;5501.60;9940.00
37250;904;5501.60;9940.00
37294;905;5501.60;9940.00
37324;906;5501.60;9940.00
37363;907;5501.60;9940.00
37403;908;5501.60;9940.00
37474;909;5501.60;9940.00
37502;910;5501.60;9940.00
37542;911;5501.60;9940.00
37567;912;5501.60;9940.00
37611;913;5501.60;9940.00
37668;914;5501.60;9940.00
37705;915;5501.60;9940.00
37730;916;5501.60;9940.00
37770;917;5501.60;9940.00
37825;918;5501.60;9940.00
37848;919;5501.60;9940.00
37903;920;5501.60;9940.00
37957;921;5501.60;9940.00
37997;922;5501.60;9940.00
38022;923;5501.60;9940.00
38065;924;5501.60;9940.00
38092;925;5501.60;9940.00
38146;926;5501.60;9940.00
38204;927;5501.60;9940.00
38269;928;5501.60;9940.00
38330;929;5501.60;9940.00
38355;930;5501.60;9940.00
38410;931;5501.60;9940.00
38460;932;5501.60;9940.00
38520;933;5501.60;9940.00
38565;934;5501.60;9940.00
38618;935;5501.60;9940.00
38648;936;5501.60;9940.00
38673;937;5501.60;9940.00
38716;938;5501.60;9940.00
38756;939;5501.60;9940.00
38780;940;5501.60;9940.00
38804;941;5501.60;9940.00
38868;942;5501.60;9940.00
38932;943;5501.60;9940.00
38978;944;5501.60;9940.00
39017;945;5501.60;9940.00
39042;946;5501.60;9940.00
39098;947;5501.60;9940.00
39152;948;5501.60;9940.00
39197;949;5501.60;9940.00
39224;950;5501.60;9940.00
39269;951;5501.60;9940.00
39297;952;5501.60;9940.00
39334;953;5501.60;9940.00
39359;954;5501.60;9940.00
39417;955;5501.60;9940.00
39479;956;5501.60;9940.00
39522;957;5501.60;9940.00
39545;958;5501.60;9940.00
39587;959;5501.60;9940.00
39611;960;5501.60;9940.00
39666;961;5501.60;9940.00
39707;962;5501.60;9940.00
39763;963;5501.60;9940.00
39815;964;5501.60;9940.00
39841;965;5501.60;9940.00
39911;966;5501.60;9940.00
39959;967;5501.60;9940.00
39995;968;5501.60;9940.00
40022;969;5501.60;9940.00
40050;970;5501.60;9940.00
40107;971;5501.60;9940.00
40143;972;5501.60;9940.00
40182;973;5501.60;9940.00
40207;974;5501.60;9940.00
40231;975;5501.60;9940.00
40269;976;5501.60;9940.00
40325;977;5501.60;9940.00
40379;978;5501.60;9940.00
40418;979;5501.60;9940.00
40445;980;5501.60;9940.00
40487;981;5501.60;9940.00
40514;982;5501.60;9940.00
40562;983;5501.60;9940.00
40608;984;5501.60;9940.00
40633;985;5501.60;9940.00
40667;986;5501.60;9940.00
40704;987;5501.60;9940.00
40741;988;5501.60;9940.00
40765;989;5501.60;9940.00
40816;990;5501.60;9940.00
40842;991;5501.60;9940.00
40897;992;5501.60;9940.00
40937;993;5501.60;9940.00
40977;994;5501.60;9940.00
41020;995;5501.60;9940.00
41048;996;5501.60;9940.00
41085;997;5501.60;9940.00
41123;998;5501.60;9940.00
41147;999;5501.60;9940.00
41202;1000;5501.60;9940.00
41255;1001;5501.60;9940.00
41297;1002;5501.60;9940.00
41337;1003;5501.60;9940.00
41389;1004;5501.60;9940.00
41426;1005;5501.60;9940.00
41453;1006;5501.60;9940.00
41492;1007;5501.60;9940.00
41517;1008;5501.60;9940.00
41571;1009;5501.60;9940.00
41626;1010;5501.60;9940.00
41667;1011;5501.60;9940.00
41708;1012;5501.60;9940.00
41750;1013;5501.60;9940.00
41780;1014;5501.60;9940.00
41835;1015;5501.60;9940.00
41859;1016;5501.60;9940.00
41916;1017;5501.60;9940.00
41956;1018;5501.60;9940.00
41983;1019;5501.60;9940.00
42024;1020;5501.60;9940.00
42051;1021;5501.60;9940.00
42106;1022;5501.60;9940.00
42162;1023;5501.60;9940.00
42188;1024;5501.60;9940.00
42223;1025;5501.60;9940.00
42247;1026;5501.60;9940.00
42299;1027;5501.60;9940.00
42326;1028;5501.60;9940.00
42364;1029;5501.60;9940.00
42419;1030;5501.60;9940.00
42449;1031;5501.60;9940.00
42498;1032;5501.60;9940.00
42523;1033;5501.60;9940.00
42562;1034;5501.60;9940.00
42600;1035;5501.60;9940.00
42643;1036;5501.60;9940.00
42686;1037;5501.60;9940.00
42711;1038;5501.60;9940.00
42773;1039;5501.60;9940.00
42814;1040;5501.60;9940.00
42865;1041;5501.60;9940.00
42904;1042;5501.60;9940.00
42958;1043;5501.60;9940.00
42984;1044;5501.60;9940.00
43010;1045;5501.60;9940.00
43055;1046;5501.60;9940.00
43114;1047;5501.60;9940.00
43141;1048;5501.60;9940.00
43200;1049;5501.60;9940.00
43240;1050;5501.60;9940.00
43278;1051;5501.60;9940.00
43302;1052;5501.60;9940.00
43356;1053;5501.60;9940.00
43397;1054;5501.60;9940.00
43435;1055;5501.60;9940.00
43473;1056;5501.60;9940.00
43510;1057;5501.60;9940.00
43534;1058;5501.60;9940.00
43589;1059;5501.60;9940.00
43613;1060;5501.60;9940.00
43665;1061;5501.60;9940.00
43706;1062;5501.60;9940.00
43731;1063;5501.60;9940.00
43771;1064;5501.60;9940.00
43798;1065;5501.60;9940.00
43857;1066;5501.60;9940.00
43913;1067;5501.60;9940.00
43972;1068;5501.60;9940.00
44018;1069;5501.60;9940.00
44046;1070;5501.60;9940.00
44089;1071;5501.60;9940.00
44131;1072;5501.60;9940.00
44190;1073;5501.60;9940.00
44234;1074;5501.60;9940.00
44260;1075;5501.60;9940.00
44299;1076;5501.60;9940.00
44339;1077;5501.60;9940.00
44378;1078;5501.60;9940.00
44405;1079;5501.60;9940.00
44464;1080;5501.60;9940.00
44506;1081;5501.60;9940.00
44549;1082;5501.60;9940.00
44606;1083;5501.60;9940.00
44633;1084;5501.60;9940.00
44671;1085;5501.60;9940.00
44695;1086;5501.60;9940.00
44732;1087;5501.60;9940.00
44767;1088;5501.60;9940.00
44790;1089;5501.60;9940.00
44852;1090;5501.60;9940.00
44910;1091;5501.60;9940.00
44962;1092;5501.60;9940.00
44984;1093;5501.60;9940.00
45025;1094;5501.60;9940.00
45057;1095;5501.60;9940.00
45116;1096;5501.60;9940.00
45158;1097;5501.60;9940.00
45184;1098;5501.60;9940.00
45238;1099;5501.60;9940.00
45289;1100;5501.60;9940.00
45312;1101;5501.60;9940.00
45365;1102;5501.60;9940.00
45389;1103;5501.60;9940.00
45414;1104;5501.60;9940.00
45457;1105;5501.60;9940.00
45492;1106;5501.60;9940.00
45526;1107;5501.60;9940.00
45550;1108;5501.60;9940.00
45612;1109;5501.60;9940.00
45658;1110;5501.60;9940.00
45684;1111;5501.60;9940.00
45743;1112;5501.60;9940.00
45786;1113;5501.60;9940.00
45841;1114;5501.60;9940.00
45873;1115;5501.60;9940.00
45914;1116;5501.60;9940.00
45943;1117;5501.60;9940.00
46000;1118;5501.60;9940.00
46058;1119;5501.60;9940.00
46088;1120;5501.60;9940.00
46127;1121;5501.60;9940.00
46153;1122;5501.60;9940.00
46212;1123;5501.60;9940.00
46251;1124;5501.60;9940.00
46276;1125;5501.60;9940.00
46334;1126;5501.60;9940.00
46376;1127;5501.60;9940.00
46430;1128;5501.60;9940.00
46463;1129;5501.60;9940.00
46491;1130;5501.60;9940.00
46534;1131;5501.60;9940.00
46562;1132;5501.60;9940.00
46620;1133;5501.60;9940.00
46677;1134;5501.60;9940.00
46733;1135;5501.60;9940.00
46790;1136;5501.60;9940.00
46847;1137;5501.60;9940.00
46889;1138;5501.60;9940.00
46914;1139;5501.60;9940.00
46955;1140;5501.60;9940.00
47011;1141;5501.60;9940.00
47047;1142;5501.60;9940.00
47070;1143;5501.60;9940.00
47111;1144;5501.60;9940.00
47153;1145;5501.60;9940.00
47211;1146;5501.60;9940.00
47249;1147;5501.60;9940.00
47288;1148;5501.60;9940.00
47340;1149;5501.60;9940.00
47364;1150;5501.60;9940.00
47421;1151;5501.60;9940.00
47450;1152;5501.60;9940.00
47482;1153;5501.60;9940.00
47525;1154;5501.60;9940.00
47550;1155;5501.60;9940.00
47606;1156;5501.60;9940.00
47662;1157;5501.60;9940.00
47701;1158;5501.60;9940.00
47744;1159;5501.60;9940.00
47784;1160;5501.60;9940.00
47823;1161;5501.60;9940.00
47846;1162;5501.60;9940.00
47889;1163;5501.60;9940.00
47932;1164;5501.60;9940.00
47974;1165;5501.60;9940.00
48028;1166;5501.60;9940.00
48080;1167;5501.60;9940.00
48106;1168;5501.60;9940.00
48150;1169;5501.60;9940.00
48180;1170;5501.60;9940.00
48222;1171;5501.60;9940.00
48264;1172;5501.60;9940.00
48304;1173;5501.60;9940.00
48349;1174;5501.60;9940.00
48389;1175;5501.60;9940.00
48415;1176;5501.60;9940.00
48479;1177;5501.60;9940.00
48530;1178;5501.60;9940.00
48573;1179;5501.60;9940.00
48612;1180;5501.60;9940.00
48638;1181;5501.60;9940.00
48676;1182;5501.60;9940.00
48727;1183;5501.60;9940.00
48752;1184;5501.60;9940.00
48790;1185;5501.60;9940.00
48815;1186;5501.60;9940.00
48871;1187;5501.60;9940.00
48914;1188;5501.60;9940.00
48941;1189;5501.60;9940.00
49001;1190;5501.60;9940.00
49025;1191;5501.60;9940.00
49083;1192;5501.60;9940.00
49141;1193;5501.60;9940.00
49188;1194;5501.60;9940.00
49212;1195;5501.60;9940.00
49265;1196;5501.60;9940.00
49289;1197;5501.60;9940.00
49330;1198;5501.60;9940.00
49379;1199;5501.60;9940.00
49430;1200;5501.60;9940.00
49457;1201;5501.60;9940.00
49499;1202;5501.60;9940.00
49534;1203;5501.60;9940.00
49562;1204;5501.60;9940.00
49619;1205;5501.60;9940.00
49672;1206;5501.60;9940.00
49707;1207;5501.60;9940.00
49743;1208;5501.60;9940.00
49781;1209;5501.60;9940.00
49809;1210;5501.60;9940.00
49850;1211;5501.60;9940.00
49877;1212;5501.60;9940.00
49935;1213;5501.60;9940.00
49991;1214;5501.60;9940.00
50017;1215;5501.60;9940.00
50055;1216;5501.60;9940.00
50080;1217;5501.60;9940.00
50136;1218;5501.60;9940.00
50183;1219;5501.60;9940.00
50237;1220;5501.60;9940.00
50262;1221;5501.60;9940.00
50301;1222;5501.60;9940.00
50340;1223;5501.60;9940.00
50397;1224;5501.60;9940.00
50426;1225;5501.60;9940.00
50455;1226;5501.60;9940.00
50511;1227;5501.60;9940.00
50559;1228;5501.60;9940.00
50596;1229;5501.60;9940.00
50622;1230;5501.60;9940.00
50661;1231;5501.60;9940.00
50700;1232;5501.60;9940.00
50738;1233;5501.60;9940.00
50767;1234;5501.60;9940.00
50813;1235;5501.60;9940.00
50874;1236;5501.60;9940.00
50931;1237;5501.60;9940.00
50957;1238;5501.60;9940.00
51000;1239;5501.60;9940.00
51029;1240;5501.60;9940.00
51087;1241;5501.60;9940.00
51115;1242;5501.60;9940.00
51177;1243;5501.60;9940.00
51208;1244;5501.60;9940.00
51250;1245;5501.60;9940.00
51278;1246;5501.60;9940.00
51333;1247;5501.60;9940.00
51388;1248;5501.60;9940.00
51456;1249;5501.60;9940.00
51497;1250;5501.60;9940.00
51548;1251;5501.60;9940.00
51584;1252;5501.60;9940.00
51623;1253;5501.60;9940.00
51660;1254;5501.60;9940.00
51686;1255;5501.60;9940.00
51733;1256;5501.60;9940.00
51780;1257;5501.60;9940.00
51823;1258;5501.60;9940.00
51852;1259;5501.60;9940.00
51913;1260;5501.60;9940.00
51957;1261;5501.60;9940.00
51998;1262;5501.60;9940.00
52044;1263;5501.60;9940.00
52092;1264;5501.60;9940.00
52137;1265;5501.60;9940.00
52172;1266;5501.60;9940.00
52229;1267;5501.60;9940.00
52255;1268;5501.60;9940.00
52311;1269;5501.60;9940.00
52339;1270;5501.60;9940.00
52392;1271;5501.60;9940.00
52446;1272;5501.60;9940.00
52473;1273;5501.60;9940.00
52500;1274;5501.60;9940.00
52559;1275;5501.60;9940.00
52601;1276;5501.60;9940.00
52628;1277;5501.60;9940.00
52671;1278;5501.60;9940.00
52700;1279;5501.60;9930.00
52760;1280;5501.60;9930.00
52803;1281;5501.60;9930.00
52868;1282;5501.60;9930.00
52930;1283;5501.60;9930.00
52954;1284;5501.60;9930.00
52979;1285;5501.60;9930.00
53005;1286;5501.60;9930.00
53068;1287;5501.60;9930.00
53091;1288;5501.60;9930.00
53142;1289;5501.60;9830.00
53184;1290;5501.60;9830.00
53223;1291;5501.60;9830.00
53266;1292;5501.60;9830.00
53293;1293;5501.60;9830.00
53342;1294;5501.60;9830.00
53378;1295;5501.60;9830.00
53414;1296;5501.60;9830.00
53443;1297;5501.60;9830.00
53481;1298;5501.60;9830.00
53517;1299;5501.60;9830.00
53554;1300;5501.60;9830.00
53579;1301;5501.60;9830.00
53633;1302;5501.60;9830.00
53674;1303;5501.60;9830.00
53716;1304;5501.60;9830.00
53745;1305;5501.60;9830.00
53799;1306;5501.60;9830.00
53838;1307;5501.60;9830.00
53895;1308;5501.60;9830.00
53918;1309;5501.60;9830.00
53945;1310;5501.60;9830.00
54000;1311;5501.60;9830.00
54038;1312;5501.60;9830.00
54082;1313;5501.60;9830.00
54124;1314;5501.60;9830.00
54166;1315;5501.60;9830.00
54191;1316;5501.60;9830.00
54244;1317;5501.60;9830.00
54295;1318;5501.60;9830.00
54331;1319;5501.60;9830.00
54367;1320;5501.60;9830.00
54403;1321;5501.60;9830.00
54443;1322;5501.60;9830.00
54469;1323;5501.60;9830.00
54521;1324;5501.60;9830.00
54544;1325;5501.60;9830.00
54592;1326;5501.60;9800.00
54615;1327;5501.60;9800.00
54670;1328;5501.60;9800.00
54709;1329;5501.60;9800.00
54747;1330;5501.60;9800.00
54785;1331;5501.60;9800.00
54808;1332;5501.60;9800.00
54850;1333;5501.60;9800.00
54889;1334;5501.60;9800.00
54937;1335;5501.60;9800.00
54988;1336;5501.60;9780.00
55014;1337;5501.60;9780.00
55040;1338;5501.60;9780.00
55092;1339;5501.60;9780.00
55157;1340;5501.60;9780.00
55186;1341;5501.60;9780.00
55246;1342;5501.60;9780.00
55305;1343;5501.60;9780.00
55348;1344;5501.60;9780.00
55385;1345;5501.60;9780.00
55423;1346;5501.60;9780.00
55462;1347;5501.60;9780.00
55487;1348;5501.60;9780.00
55530;1349;5501.60;9780.00
55572;1350;5501.60;9780.00
55601;1351;5501.60;9780.00
55653;1352;5501.60;9780.00
55678;1353;5501.60;9780.00
55737;1354;5501.60;9780.00
55779;1355;5501.60;9780.00
55804;1356;5501.60;9780.00
55857;1357;5501.60;9780.00
55898;1358;5501.60;9780.00
55940;1359;5501.60;9780.00
55981;1360;5501.60;9780.00
56019;1361;5501.60;9780.00
56062;1362;5501.60;9780.00
56088;1363;5501.60;9780.00
56134;1364;5501.60;9780.00
56183;1365;5501.60;9780.00
56224;1366;5501.60;9780.00
56271;1367;5501.60;9780.00
56325;1368;5501.60;9780.00
56366;1369;5501.60;9780.00
56390;1370;5501.60;9780.00
56443;1371;5501.60;9780.00
56498;1372;5501.60;9780.00
56524;1373;5501.60;9780.00
56613;1374;5501.60;9780.00
56647;1375;5501.60;9780.00
56698;1376;5501.60;9780.00
56764;1377;5501.60;9780.00
56830;1378;5501.60;9780.00
56860;1379;5501.60;9780.00
56903;1380;5501.60;9780.00
56957;1381;5501.60;9780.00
57016;1382;5501.60;9780.00
57042;1383;5501.60;9780.00
57084;1384;5501.60;9780.00
57136;1385;5501.60;9780.00
57177;1386;5501.60;9780.00
57222;1387;5501.60;9780.00
57261;1388;5501.60;9780.00
57287;1389;5501.60;9780.00
57341;1390;5501.60;9780.00
57383;1391;5501.60;9780.00
57421;1392;5501.60;9780.00
57446;1393;5501.60;9780.00
57486;1394;5501.60;9780.00
57526;1395;5501.60;9780.00
57551;1396;5501.60;9780.00
57597;1397;5501.60;9780.00
57640;1398;5501.60;9780.00
57680;1399;5501.60;9780.00
57705;1400;5501.60;9780.00
57763;1401;5501.60;9780.00
57831;1402;5501.60;9780.00
57879;1403;5501.60;9780.00
57923;1404;5501.60;9780.00
57965;1405;5501.60;9780.00
58007;1406;5501.60;9780.00
58033;1407;5501.60;9780.00
58093;1408;5501.60;9780.00
58137;1409;5501.60;9780.00
58178;1410;5501.60;9780.00
58204;1411;5501.60;9780.00
58265;1412;5501.60;9780.00
58317;1413;5501.60;9780.00
58369;1414;5501.60;9780.00
58408;1415;5501.60;9780.00
58432;1416;5501.60;9780.00
58476;1417;5501.60;9780.00
58498;1418;5501.60;9780.00
58554;1419;5501.60;9780.00
58610;1420;5501.60;9780.00
58664;1421;5501.60;9780.00
58687;1422;5501.60;9780.00
58710;1423;5501.60;9780.00
58763;1424;5501.60;9780.00
58803;1425;5501.60;9780.00
58845;1426;5501.60;9780.00
58884;1427;5501.60;9780.00
58938;1428;5501.60;9780.00
58964;1429;5501.60;9780.00
58989;1430;5501.60;9780.00
59043;1431;5501.60;9780.00
59072;1432;5501.60;9780.00
59098;1433;5501.60;9780.00
59152;1434;5501.60;9780.00
59205;1435;5501.60;9780.00
59253;1436;5501.60;9780.00
59278;1437;5501.60;9780.00
59301;1438;5501.60;9780.00
59353;1439;5501.60;9780.00
59376;1440;5501.60;9780.00
59401;1441;5501.60;9780.00
59460;1442;5501.60;9780.00
59517;1443;5501.60;9780.00
59544;1444;5501.60;9780.00
59570;1445;5501.60;9780.00
59621;1446;5501.60;9780.00
59646;1447;5501.60;9780.00
59685;1448;5501.60;9780.00
59723;1449;5501.60;9780.00
59751;1450;5501.60;9780.00
59809;1451;5501.60;9780.00
59862;1452;5501.60;9780.00
59894;1453;5501.60;9780.00
59933;1454;5501.60;9780.00
59985;1455;5501.60;9780.00
60010;1456;5501.60;9780.00
60065;1457;5501.60;9780.00
60094;1458;5501.60;9780.00
60120;1459;5501.60;9780.00
60181;1460;5501.60;9780.00
60245;1461;5501.60;9780.00
60293;1462;5501.60;9780.00
60354;1463;5501.60;9780.00
60384;1464;5501.60;9780.00
60411;1465;5501.60;9780.00
60461;1466;5501.60;9780.00
60508;1467;5501.60;9780.00
60535;1468;5501.60;9780.00
60596;1469;5501.60;9780.00
60624;1470;5501.60;9780.00
60669;1471;5501.60;9780.00
60731;1472;5501.60;9780.00
60776;1473;5501.60;9780.00
60838;1474;5501.60;9780.00
60869;1475;5501.60;9780.00
60915;1476;5501.60;9780.00
60959;1477;5501.60;9780.00
61003;1478;5501.60;9780.00
61036;1479;5501.60;9780.00
61095;1480;5501.60;9780.00
61140;1481;5501.60;9780.00
61185;1482;5501.60;9780.00
61231;1483;5501.60;9780.00
61273;1484;5501.60;9780.00
61315;1485;5501.60;9780.00
61341;1486;5501.60;9780.00
61375;1487;5501.60;9780.00
61436;1488;5501.60;9780.00
61498;1489;5501.60;9780.00
61562;1490;5501.60;9780.00
61626;1491;5501.60;9780.00
61680;1492;5501.60;9780.00
61744;1493;5501.60;9780.00
61787;1494;5501.60;9780.00
61812;1495;5501.60;9780.00
61861;1496;5501.60;9780.00
61891;1497;5501.60;9780.00
61931;1498;5501.60;9780.00
61974;1499;5501.60;9780.00
62001;1500;5501.60;9780.00
62059;1501;5501.60;9780.00
62085;1502;5501.60;9780.00
62147;1503;5501.60;9780.00
62202;1504;5501.60;9780.00
62232;1505;5501.60;9780.00
62259;1506;5501.60;9780.00
62320;1507;5501.60;9780.00
62382;1508;5501.60;9780.00
62426;1509;5501.60;9780.00
62486;1510;5501.60;9780.00
62533;1511;5501.60;9780.00
62559;1512;5501.60;9780.00
62603;1513;5501.60;9780.00
62633;1514;5501.60;9780.00
62689;1515;5501.60;9780.00
62744;1516;5501.60;9780.00
62789;1517;5501.60;9780.00
62816;1518;5501.60;9780.00
62842;1519;5501.60;9780.00
62881;1520;5501.60;9780.00
62937;1521;5501.60;9780.00
63010;1522;5501.60;9780.00
63046;1523;5501.60;9780.00
63086;1524;5501.60;9780.00
63124;1525;5501.60;9780.00
63152;1526;5501.60;9780.00
63197;1527;5501.60;9780.00
63239;1528;5501.60;9780.00
63278;1529;5501.60;9780.00
63318;1530;5501.60;9780.00
63345;1531;5501.60;9780.00
63409;1532;5501.60;9780.00
63472;1533;5501.60;9780.00
63498;1534;5501.60;9780.00
63523;1535;5501.60;9780.00
63584;1536;5501.60;9780.00
63643;1537;5501.60;9780.00
63683;1538;5501.60;9780.00
63726;1539;5501.60;9780.00
63753;1540;5501.60;9780.00
63809;1541;5501.60;9780.00
63849;1542;5501.60;9780.00
63891;1543;5501.60;9780.00
63940;1544;5501.60;9780.00
64000;1545;5501.60;9780.00
64030;1546;5501.60;9780.00
64089;1547;5501.60;9780.00
64116;1548;5501.60;9780.00
64163;1549;5501.60;9780.00
64192;1550;5501.60;9780.00
64235;1551;5501.60;9780.00
64292;1552;5501.60;9780.00
64345;1553;5501.60;9780.00
64397;1554;5501.60;9780.00
64422;1555;5501.60;9780.00
64463;1556;5501.60;9780.00
64504;1557;5501.60;9780.00
64557;1558;5501.60;9780.00
64584;1559;5501.60;9780.00
64625;1560;5501.60;9780.00
64652;1561;5501.60;9780.00
64709;1562;5501.60;9780.00
64775;1563;5501.60;9780.00
64815;1564;5501.60;9780.00
64854;1565;5501.60;9780.00
64880;1566;5501.60;9780.00
64910;1567;5501.60;9780.00
64976;1568;5501.60;9780.00
65015;1569;5501.60;9780.00
65061;1570;5501.60;9780.00
65088;1571;5501.60;9780.00
65146;1572;5501.60;9780.00
65209;1573;5501.60;9780.00
65234;1574;5501.60;9780.00
65279;1575;5501.60;9780.00
65329;1576;5501.60;9780.00
65376;1577;5501.60;9780.00
65441;1578;5501.60;9780.00
65485;1579;5501.60;9780.00
65512;1580;5501.60;9780.00
65560;1581;5501.60;9780.00
65597;1582;5501.60;9780.00
65639;1583;5501.60;9780.00
65691;1584;5501.60;9780.00
65717;1585;5501.60;9780.00
65756;1586;5501.60;9780.00
65783;1587;5501.60;9780.00
65846;1588;5501.60;9780.00
65907;1589;5501.60;9780.00
65951;1590;5501.60;9780.00
65975;1591;5501.60;9780.00
66027;1592;5501.60;9780.00
66065;1593;5501.60;9780.00
66106;1594;5501.60;9780.00
66130;1595;5501.60;9780.00
66184;1596;5501.60;9780.00
66226;1597;5501.60;9780.00
66277;1598;5501.60;9780.00
66304;1599;5501.60;9780.00
66332;1600;5501.60;9780.00
66370;1601;5501.60;9780.00
66421;1602;5501.60;9780.00
66448;1603;5501.60;9780.00
66487;1604;5501.60;9780.00
66512;1605;5501.60;9780.00
66572;1606;5501.60;9780.00
66630;1607;5501.60;9780.00
66683;1608;5501.60;9780.00
66722;1609;5501.60;9780.00
66760;1610;5501.60;9780.00
66784;1611;5501.60;9780.00
66825;1612;5501.60;9780.00
66866;1613;5501.60;9780.00
66892;1614;5501.60;9780.00
66948;1615;5501.60;9780.00
66997;1616;5501.60;9780.00
67037;1617;5501.60;9780.00
67088;1618;5501.60;9780.00
67139;1619;5501.60;9780.00
67187;1620;5501.60;9780.00
67214;1621;5501.60;9780.00
67241;1622;5501.60;9780.00
67290;1623;5501.60;9780.00
67313;1624;5501.60;9780.00
67339;1625;5501.60;9780.00
67397;1626;5501.60;9780.00
67447;1627;5501.60;9780.00
67487;1628;5501.60;9780.00
67524;1629;5501.60;9780.00
67562;1630;5501.60;9780.00
67604;1631;5501.60;9780.00
67645;1632;5501.60;9780.00
67670;1633;5501.60;9780.00
67709;1634;5501.60;9780.00
67746;1635;5501.60;9780.00
67785;1636;5501.60;9780.00
67811;1637;5501.60;9780.00
67865;1638;5501.60;9780.00
67926;1639;5501.60;9780.00
67975;1640;5501.60;9780.00
68030;1641;5501.60;9780.00
68073;1642;5501.60;9780.00
68119;1643;5501.60;9780.00
68161;1644;5501.60;9780.00
68193;1645;5501.60;9780.00
68233;1646;5501.60;9780.00
68287;1647;5501.60;9780.00
68325;1648;5501.60;9780.00
68351;1649;5501.60;9780.00
68396;1650;5501.60;9780.00
68425;1651;5501.60;9780.00
68467;1652;5501.60;9780.00
68530;1653;5501.60;9780.00
68573;1654;5501.60;9780.00
68620;1655;5501.60;9780.00
68660;1656;5501.60;9780.00
68705;1657;5501.60;9780.00
68734;1658;5501.60;9780.00
68791;1659;5501.60;9780.00
68830;1660;5501.60;9780.00
68870;1661;5501.60;9780.00
68901;1662;5501.60;9780.00
68940;1663;5501.60;9780.00
68966;1664;5501.60;9780.00
69021;1665;5501.60;9780.00
69077;1666;5501.60;9780.00
69133;1667;5501.60;9780.00
69161;1668;5501.60;9780.00
69190;1669;5501.60;9780.00
69218;1670;5501.60;9780.00
69271;1671;5501.60;9780.00
69316;1672;5501.60;9780.00
69374;1673;5501.60;9780.00
69417;1674;5501.60;9770.00
69448;1675;5501.60;9770.00
69489;1676;5501.60;9770.00
69528;1677;5501.60;9770.00
69556;1678;5501.60;9770.00
69620;1679;5501.60;9770.00
69678;1680;5501.60;9770.00
69741;1681;5501.60;9770.00
69807;1682;5501.60;9770.00
69850;1683;5501.60;9770.00
69888;1684;5501.60;9770.00
69929;1685;5501.60;9770.00
69959;1686;5501.60;9770.00
70020;1687;5501.60;9770.00
70061;1688;5501.60;9770.00
70122;1689;5501.60;9770.00
70152;1690;5501.60;9770.00
70185;1691;5501.60;9770.00
70248;1692;5501.60;9770.00
70291;1693;5501.60;9770.00
70354;1694;5501.60;9770.00
70383;1695;5501.60;9770.00
70427;1696;5501.60;9770.00
70460;1697;5501.60;9770.00
70504;1698;5501.60;9770.00
70528;1699;5501.60;9770.00
70581;1700;5501.60;9770.00
70637;1701;5501.60;9770.00
70662;1702;5501.60;9770.00
70705;1703;5501.60;9770.00
70748;1704;5501.60;9770.00
70776;1705;5501.60;9770.00
70817;1706;5501.60;9770.00
70859;1707;5501.60;9770.00
70887;1708;5501.60;9770.00
70948;1709;5501.60;9770.00
71002;1710;5501.60;9770.00
71053;1711;5501.60;9770.00
71091;1712;5501.60;9770.00
71118;1713;5501.60;9770.00
71161;1714;5501.60;9770.00
71201;1715;5501.60;9770.00
71228;1716;5501.60;9770.00
71280;1717;5501.60;9770.00
71332;1718;5501.60;9770.00
71358;1719;5501.60;9770.00
71383;1720;5501.60;9770.00
71426;1721;5501.60;9770.00
71470;1722;5501.60;9770.00
71513;1723;5501.60;9770.00
71540;1724;5501.60;9770.00
71597;1725;5501.60;9770.00
71637;1726;5501.60;9770.00
71681;1727;5501.60;9770.00
71737;1728;5501.60;9770.00
71768;1729;5501.60;9770.00
71795;1730;5501.60;9770.00
71843;1731;5501.60;9770.00
71897;1732;5501.60;9770.00
71946;1733;5501.60;9770.00
71987;1734;5501.60;9770.00
72013;1735;5501.60;9770.00
72055;1736;5501.60;9770.00
72096;1737;5501.60;9770.00
72122;1738;5501.60;9770.00
72176;1739;5501.60;9770.00
72230;1740;5501.60;9770.00
72268;1741;5501.60;9770.00
72295;1742;5501.60;9770.00
72349;1743;5501.60;9770.00
72375;1744;5501.60;9770.00
72419;1745;5501.60;9770.00
72462;1746;5501.60;9770.00
72491;1747;5501.60;9770.00
72542;1748;5501.60;9770.00
72590;1749;5501.60;9770.00
72643;1750;5501.60;9770.00
72684;1751;5501.60;9770.00
72710;1752;5501.60;9770.00
72753;1753;5501.60;9770.00
72791;1754;5501.60;9770.00
72843;1755;5501.60;9770.00
72886;1756;5501.60;9770.00
72947;1757;5501.60;9770.00
72984;1758;5501.60;9770.00
73045;1759;5501.60;9770.00
73069;1760;5501.60;9770.00
73108;1761;5501.60;9770.00
73166;1762;5501.60;9770.00
73193;1763;5501.60;9770.00
73222;1764;5501.60;9770.00
73287;1765;5501.60;9770.00
73348;1766;5501.60;9770.00
73371;1767;5501.60;9770.00
73434;1768;5501.60;9770.00
73504;1769;5501.60;9770.00
73574;1770;5501.60;9770.00
73599;1771;5501.60;9770.00
73640;1772;5501.60;9770.00
73682;1773;5501.60;9770.00
73723;1774;5501.60;9770.00
73768;1775;5501.60;9770.00
73809;1776;5501.60;9770.00
73840;1777;5501.60;9770.00
73901;1778;5501.60;9770.00
73962;1779;5501.60;9770.00
74003;1780;5501.60;9770.00
74041;1781;5501.60;9770.00
74079;1782;5501.60;9770.00
74105;1783;5501.60;9770.00
74151;1784;5501.60;9770.00
74197;1785;5501.60;9770.00
74240;1786;5501.60;9770.00
74283;1787;5501.60;9770.00
74332;1788;5501.60;9770.00
74359;1789;5501.60;9770.00
74421;1790;5501.60;9770.00
74488;1791;5501.60;9770.00
74532;1792;5501.60;9770.00
74574;1793;5501.60;9770.00
74617;1794;5501.60;9770.00
74641;1795;5501.60;9770.00
74702;1796;5501.60;9770.00
74746;1797;5501.60;9770.00
74771;1798;5501.60;9770.00
74833;1799;5501.60;9770.00
74892;1800;5501.60;9770.00
74918;1801;5501.60;9770.00
74945;1802;5501.60;9770.00
74988;1803;5501.60;9770.00
75028;1804;5501.60;9770.00
75068;1805;5501.60;9770.00
75094;1806;5501.60;9770.00
75167;1807;5501.60;9770.00
75233;1808;5501.60;9770.00
75256;1809;5501.60;9770.00
75318;1810;5501.60;9770.00
75366;1811;5501.60;9770.00
75394;1812;5501.60;9770.00
75443;1813;5501.60;9770.00
75486;1814;5501.60;9770.00
75533;1815;5501.60;9770.00
75560;1816;5501.60;9770.00
75626;1817;5501.60;9770.00
75693;1818;5501.60;9770.00
75738;1819;5501.60;9770.00
75796;1820;5501.60;9770.00
75823;1821;5501.60;9770.00
75881;1822;5501.60;9770.00
75906;1823;5501.60;9770.00
75949;1824;5501.60;9770.00
75975;1825;5501.60;9770.00
76037;1826;5501.60;9770.00
76084;1827;5501.60;9770.00
76143;1828;5501.60;9770.00
76186;1829;5501.60;9770.00
76228;1830;5501.60;9770.00
76273;1831;5501.60;9770.00
76315;1832;5501.60;9770.00
76345;1833;5501.60;9770.00
76374;1834;5501.60;9770.00
76434;1835;5501.60;9770.00
76490;1836;5501.60;9770.00
76517;1837;5501.60;9770.00
76579;1838;5501.60;9770.00
76605;1839;5501.60;9770.00
76648;1840;5501.60;9770.00
76706;1841;5501.60;9770.00
76760;1842;5501.60;9770.00
76787;1843;5501.60;9770.00
76839;1844;5501.60;9770.00
76878;1845;5501.60;9770.00
76917;1846;5501.60;9770.00
76956;1847;5501.60;9770.00
76983;1848;5501.60;9770.00
77039;1849;5501.60;9770.00
77079;1850;5501.60;9770.00
77116;1851;5501.60;9770.00
77153;1852;5501.60;9770.00
77180;1853;5501.60;9770.00
77237;1854;5501.60;9770.00
77270;1855;5501.60;9770.00
77318;1856;5501.60;9770.00
77347;1857;5501.60;9770.00
77401;1858;5501.60;9770.00
77462;1859;5501.60;9770.00
77490;1860;5501.60;9770.00
77534;1861;5501.60;9770.00
77576;1862;5501.60;9770.00
77631;1863;5501.60;9770.00
77672;1864;5501.60;9770.00
77698;1865;5501.60;9770.00
77752;1866;5501.60;9770.00
77797;1867;5501.60;9770.00
77830;1868;5501.60;9770.00
77874;1869;5501.60;9770.00
77904;1870;5501.60;9770.00
77966;1871;5501.60;9770.00
78014;1872;5501.60;9770.00
78088;1873;5501.60;9770.00
78114;1874;5501.60;9770.00
78176;1875;5501.60;9770.00
78217;1876;5501.60;9770.00
78259;1877;5501.60;9770.00
78284;1878;5501.60;9770.00
78328;1879;5501.60;9770.00
78369;1880;5501.60;9770.00
78431;1881;5501.60;9770.00
78458;1882;5501.60;9770.00
78484;1883;5501.60;9770.00
78545;1884;5501.60;9770.00
78609;1885;5501.60;9770.00
78653;1886;5501.60;9770.00
78708;1887;5501.60;9770.00
78759;1888;5501.60;9770.00
78820;1889;5501.60;9770.00
78847;1890;5501.60;9770.00
78872;1891;5501.60;9770.00
78917;1892;5501.60;9770.00
78968;1893;5501.60;9770.00
78998;1894;5501.60;9770.00
79059;1895;5501.60;9770.00
79085;1896;5501.60;9770.00
79134;1897;5501.60;9770.00
79183;1898;5501.60;9770.00
79226;1899;5501.60;9770.00
79269;1900;5501.60;9770.00
79294;1901;5501.60;9770.00
79420;1902;5501.60;9770.00
79471;1903;5501.60;9770.00
79497;1904;5501.60;9770.00
79565;1905;5501.60;9770.00
79615;1906;5501.60;9770.00
79642;1907;5501.60;9770.00
79685;1908;5501.60;9770.00
79714;1909;5501.60;9770.00
79777;1910;5501.60;9770.00
79836;1911;5501.60;9770.00
79892;1912;5501.60;9770.00
79918;1913;5501.60;9770.00
79964;1914;5501.60;9770.00
80025;1915;5501.60;9770.00
80085;1916;5501.60;9770.00
80114;1917;5501.60;9770.00
80151;1918;5501.60;9770.00
80215;1919;5501.60;9770.00
80245;1920;5501.60;9770.00
80310;1921;5501.60;9770.00
80374;1922;5501.60;9770.00
80402;1923;5501.60;9770.00
80433;1924;5501.60;9770.00
80480;1925;5501.60;9770.00
80509;1926;5501.60;9770.00
80565;1927;5501.60;9770.00
80624;1928;5501.60;9770.00
80684;1929;5501.60;9770.00
80745;1930;5501.60;9770.00
80770;1931;5501.60;9770.00
80796;1932;5501.60;9770.00
80854;1933;5501.60;9770.00
80896;1934;5501.60;9770.00
80935;1935;5501.60;9770.00
80992;1936;5501.60;9770.00
81038;1937;5501.60;9770.00
81062;1938;5501.60;9770.00
81102;1939;5501.60;9770.00
81141;1940;5501.60;9770.00
81182;1941;5501.60;9770.00
81206;1942;5501.60;9770.00
81259;1943;5501.60;9770.00
81311;1944;5501.60;9770.00
81351;1945;5501.60;9770.00
81377;1946;5501.60;9770.00
81434;1947;5501.60;9770.00
81496;1948;5501.60;9770.00
81526;1949;5501.60;9770.00
81554;1950;5501.60;9770.00
81581;1951;5501.60;9770.00
81641;1952;5501.60;9770.00
81701;1953;5501.60;9770.00
81758;1954;5501.60;9770.00
81784;1955;5501.60;9770.00
81811;1956;5501.60;9770.00
81871;1957;5501.60;9770.00
81934;1958;5501.60;9770.00
81960;1959;5501.60;9770.00
82013;1960;5501.60;9770.00
82074;1961;5501.60;9770.00
82105;1962;5501.60;9770.00
82132;1963;5501.60;9770.00
82189;1964;5501.60;9770.00
82214;1965;5501.60;9770.00
82274;1966;5501.60;9770.00
82334;1967;5501.60;9770.00
82360;1968;5501.60;9770.00
82405;1969;5501.60;9770.00
82467;1970;5501.60;9770.00
82516;1971;5501.60;9770.00
82545;1972;5501.60;9770.00
82571;1973;5501.60;9770.00
82632;1974;5501.60;9770.00
82666;1975;5501.60;9770.00
82711;1976;5501.60;9770.00
82771;1977;5501.60;9770.00
82817;1978;5501.60;9770.00
82849;1979;5501.60;9770.00
82896;1980;5501.60;9770.00
82940;1981;5501.60;9770.00
82981;1982;5501.60;9770.00
83013;1983;5501.60;9770.00
83071;1984;5501.60;9770.00
83112;1985;5501.60;9770.00
83156;1986;5501.60;9770.00
83198;1987;5501.60;9770.00
83240;1988;5501.60;9770.00
83266;1989;5501.60;9770.00
83319;1990;5501.60;9770.00
83375;1991;5501.60;9770.00
83432;1992;5501.60;9770.00
83475;1993;5501.60;9770.00
83502;1994;5501.60;9770.00
83542;1995;5501.60;9770.00
83568;1996;5501.60;9770.00
83621;1997;5501.60;9770.00
83681;1998;5501.60;9770.00
